{"cameraMode":{"drawMode":0,"name":"Shaded","section":"Shading Mode"},"sceneLighting":false,"audioPlay":false,"sceneViewState":{"showFog":true,"showMaterialUpdate":true,"showSkybox":false,"showFlares":true,"showImageEffects":true,"showParticleSystems":true},"in2DMode":false,"pivot":{"x":1.111772060394287,"y":0.02165311574935913,"z":-0.05167631059885025},"rotation":{"x":0.04525001719594002,"y":-0.04495445266366005,"z":0.0020189860370010139,"w":0.997993528842926},"size":0.23626236617565156,"orthographic":false}