{"cameraMode":{"drawMode":0,"name":"Shaded","section":"Shading Mode"},"sceneLighting":true,"audioPlay":false,"sceneViewState":{"showFog":true,"showMaterialUpdate":false,"showSkybox":true,"showFlares":true,"showImageEffects":true,"showParticleSystems":true},"in2DMode":false,"pivot":{"x":2.067941427230835,"y":-19.875181198120118,"z":429.3443603515625},"rotation":{"x":0.034493181854486468,"y":4.170571514805488e-7,"z":-3.5472763215693706e-7,"w":0.9994056224822998},"size":185.9368438720703,"orthographic":false}